roadID,probabilityOfOccurrence,operatorActionStatus,sourceName,date,hour
12,certain,approved,WNN-Z [RWS West-Nederland Noord District Zuid],2016-07-01,00
12,certain,approved,WNN-Z [RWS West-Nederland Noord District Zuid],2016-07-01,01
12,certain,approved,WNN-Z [RWS West-Nederland Noord District Zuid],2016-07-01,02
12,certain,approved,WNN-Z [RWS West-Nederland Noord District Zuid],2016-07-01,03
12,certain,approved,WNN-Z [RWS West-Nederland Noord District Zuid],2016-07-01,04
12,certain,approved,WNN-Z [RWS West-Nederland Noord District Zuid],2016-07-01,05
12,certain,approved,WNN-Z [RWS West-Nederland Noord District Zuid],2016-07-01,06
12,certain,approved,WNN-Z [RWS West-Nederland Noord District Zuid],2016-07-01,07
12,certain,approved,WNN-Z [RWS West-Nederland Noord District Zuid],2016-07-01,08
12,certain,approved,WNN-Z [RWS West-Nederland Noord District Zuid],2016-07-01,09
12,certain,approved,WNN-Z [RWS West-Nederland Noord District Zuid],2016-07-01,10
12,certain,approved,WNN-Z [RWS West-Nederland Noord District Zuid],2016-07-01,11
12,certain,approved,WNN-Z [RWS West-Nederland Noord District Zuid],2016-07-01,12
12,certain,approved,WNN-Z [RWS West-Nederland Noord District Zuid],2016-07-01,13
12,certain,approved,WNN-Z [RWS West-Nederland Noord District Zuid],2016-07-01,14
12,certain,approved,WNN-Z [RWS West-Nederland Noord District Zuid],2016-07-01,15
12,certain,approved,WNN-Z [RWS West-Nederland Noord District Zuid],2016-07-01,16
12,certain,approved,WNN-Z [RWS West-Nederland Noord District Zuid],2016-07-01,17
12,certain,approved,WNN-Z [RWS West-Nederland Noord District Zuid],2016-07-01,18
12,certain,approved,WNN-Z [RWS West-Nederland Noord District Zuid],2016-07-01,19
12,certain,approved,WNN-Z [RWS West-Nederland Noord District Zuid],2016-07-01,20
12,certain,approved,WNN-Z [RWS West-Nederland Noord District Zuid],2016-07-01,21
12,certain,approved,WNN-Z [RWS West-Nederland Noord District Zuid],2016-07-01,22
12,certain,approved,WNN-Z [RWS West-Nederland Noord District Zuid],2016-07-01,23
13,certain,approved,WNN-Z [RWS West-Nederland Noord District Zuid],2016-07-01,00
13,certain,approved,WNN-Z [RWS West-Nederland Noord District Zuid],2016-07-01,01
13,certain,approved,WNN-Z [RWS West-Nederland Noord District Zuid],2016-07-01,02
13,certain,approved,WNN-Z [RWS West-Nederland Noord District Zuid],2016-07-01,03
13,certain,approved,WNN-Z [RWS West-Nederland Noord District Zuid],2016-07-01,04
13,certain,approved,WNN-Z [RWS West-Nederland Noord District Zuid],2016-07-01,05
13,certain,approved,WNN-Z [RWS West-Nederland Noord District Zuid],2016-07-01,06
13,certain,approved,WNN-Z [RWS West-Nederland Noord District Zuid],2016-07-01,07
13,certain,approved,WNN-Z [RWS West-Nederland Noord District Zuid],2016-07-01,08
13,certain,approved,WNN-Z [RWS West-Nederland Noord District Zuid],2016-07-01,09
13,certain,approved,WNN-Z [RWS West-Nederland Noord District Zuid],2016-07-01,10
13,certain,approved,WNN-Z [RWS West-Nederland Noord District Zuid],2016-07-01,11
13,certain,approved,WNN-Z [RWS West-Nederland Noord District Zuid],2016-07-01,12
13,certain,approved,WNN-Z [RWS West-Nederland Noord District Zuid],2016-07-01,13
13,certain,approved,WNN-Z [RWS West-Nederland Noord District Zuid],2016-07-01,14
13,certain,approved,WNN-Z [RWS West-Nederland Noord District Zuid],2016-07-01,15
13,certain,approved,WNN-Z [RWS West-Nederland Noord District Zuid],2016-07-01,16
13,certain,approved,WNN-Z [RWS West-Nederland Noord District Zuid],2016-07-01,17
13,certain,approved,WNN-Z [RWS West-Nederland Noord District Zuid],2016-07-01,18
13,certain,approved,WNN-Z [RWS West-Nederland Noord District Zuid],2016-07-01,19
13,certain,approved,WNN-Z [RWS West-Nederland Noord District Zuid],2016-07-01,20
13,certain,approved,WNN-Z [RWS West-Nederland Noord District Zuid],2016-07-01,21
13,certain,approved,WNN-Z [RWS West-Nederland Noord District Zuid],2016-07-01,22
13,certain,approved,WNN-Z [RWS West-Nederland Noord District Zuid],2016-07-01,23
15,certain,approved,WNN-Z [RWS West-Nederland Noord District Zuid],2016-07-01,00
15,certain,approved,WNN-Z [RWS West-Nederland Noord District Zuid],2016-07-01,01
15,certain,approved,WNN-Z [RWS West-Nederland Noord District Zuid],2016-07-01,02
15,certain,approved,WNN-Z [RWS West-Nederland Noord District Zuid],2016-07-01,03
15,certain,approved,WNN-Z [RWS West-Nederland Noord District Zuid],2016-07-01,04
15,certain,approved,WNN-Z [RWS West-Nederland Noord District Zuid],2016-07-01,05
15,certain,approved,WNN-Z [RWS West-Nederland Noord District Zuid],2016-07-01,06
15,certain,approved,WNN-Z [RWS West-Nederland Noord District Zuid],2016-07-01,07
15,certain,approved,WNN-Z [RWS West-Nederland Noord District Zuid],2016-07-01,08
15,certain,approved,WNN-Z [RWS West-Nederland Noord District Zuid],2016-07-01,09
15,certain,approved,WNN-Z [RWS West-Nederland Noord District Zuid],2016-07-01,10
15,certain,approved,WNN-Z [RWS West-Nederland Noord District Zuid],2016-07-01,11
15,certain,approved,WNN-Z [RWS West-Nederland Noord District Zuid],2016-07-01,12
15,certain,approved,WNN-Z [RWS West-Nederland Noord District Zuid],2016-07-01,13
15,certain,approved,WNN-Z [RWS West-Nederland Noord District Zuid],2016-07-01,14
15,certain,approved,WNN-Z [RWS West-Nederland Noord District Zuid],2016-07-01,15
15,certain,approved,WNN-Z [RWS West-Nederland Noord District Zuid],2016-07-01,16
15,certain,approved,WNN-Z [RWS West-Nederland Noord District Zuid],2016-07-01,17
15,certain,approved,WNN-Z [RWS West-Nederland Noord District Zuid],2016-07-01,18
15,certain,approved,WNN-Z [RWS West-Nederland Noord District Zuid],2016-07-01,19
15,certain,approved,WNN-Z [RWS West-Nederland Noord District Zuid],2016-07-01,20
15,certain,approved,WNN-Z [RWS West-Nederland Noord District Zuid],2016-07-01,21
15,certain,approved,WNN-Z [RWS West-Nederland Noord District Zuid],2016-07-01,22
15,certain,approved,WNN-Z [RWS West-Nederland Noord District Zuid],2016-07-01,23
16,certain,approved,WNN-Z [RWS West-Nederland Noord District Zuid],2016-07-01,00
16,certain,approved,WNN-Z [RWS West-Nederland Noord District Zuid],2016-07-01,01
16,certain,approved,WNN-Z [RWS West-Nederland Noord District Zuid],2016-07-01,02
16,certain,approved,WNN-Z [RWS West-Nederland Noord District Zuid],2016-07-01,03
16,certain,approved,WNN-Z [RWS West-Nederland Noord District Zuid],2016-07-01,04
16,certain,approved,WNN-Z [RWS West-Nederland Noord District Zuid],2016-07-01,05
16,certain,approved,WNN-Z [RWS West-Nederland Noord District Zuid],2016-07-01,06
16,certain,approved,WNN-Z [RWS West-Nederland Noord District Zuid],2016-07-01,07
16,certain,approved,WNN-Z [RWS West-Nederland Noord District Zuid],2016-07-01,08
16,certain,approved,WNN-Z [RWS West-Nederland Noord District Zuid],2016-07-01,09
16,certain,approved,WNN-Z [RWS West-Nederland Noord District Zuid],2016-07-01,10
16,certain,approved,WNN-Z [RWS West-Nederland Noord District Zuid],2016-07-01,11
16,certain,approved,WNN-Z [RWS West-Nederland Noord District Zuid],2016-07-01,12
16,certain,approved,WNN-Z [RWS West-Nederland Noord District Zuid],2016-07-01,13
16,certain,approved,WNN-Z [RWS West-Nederland Noord District Zuid],2016-07-01,14
16,certain,approved,WNN-Z [RWS West-Nederland Noord District Zuid],2016-07-01,15
16,certain,approved,WNN-Z [RWS West-Nederland Noord District Zuid],2016-07-01,16
16,certain,approved,WNN-Z [RWS West-Nederland Noord District Zuid],2016-07-01,17
16,certain,approved,WNN-Z [RWS West-Nederland Noord District Zuid],2016-07-01,18
16,certain,approved,WNN-Z [RWS West-Nederland Noord District Zuid],2016-07-01,19
16,certain,approved,WNN-Z [RWS West-Nederland Noord District Zuid],2016-07-01,20
16,certain,approved,WNN-Z [RWS West-Nederland Noord District Zuid],2016-07-01,21
16,certain,approved,WNN-Z [RWS West-Nederland Noord District Zuid],2016-07-01,22
16,certain,approved,WNN-Z [RWS West-Nederland Noord District Zuid],2016-07-01,23
14,certain,approved,WNN-Z [RWS West-Nederland Noord District Zuid],2016-07-01,00
14,certain,approved,WNN-Z [RWS West-Nederland Noord District Zuid],2016-07-01,01
14,certain,approved,WNN-Z [RWS West-Nederland Noord District Zuid],2016-07-01,02
14,certain,approved,WNN-Z [RWS West-Nederland Noord District Zuid],2016-07-01,03
14,certain,approved,WNN-Z [RWS West-Nederland Noord District Zuid],2016-07-01,04
14,certain,approved,WNN-Z [RWS West-Nederland Noord District Zuid],2016-07-01,05
14,certain,approved,WNN-Z [RWS West-Nederland Noord District Zuid],2016-07-01,06
14,certain,approved,WNN-Z [RWS West-Nederland Noord District Zuid],2016-07-01,07
14,certain,approved,WNN-Z [RWS West-Nederland Noord District Zuid],2016-07-01,08
14,certain,approved,WNN-Z [RWS West-Nederland Noord District Zuid],2016-07-01,09
14,certain,approved,WNN-Z [RWS West-Nederland Noord District Zuid],2016-07-01,10
14,certain,approved,WNN-Z [RWS West-Nederland Noord District Zuid],2016-07-01,11
14,certain,approved,WNN-Z [RWS West-Nederland Noord District Zuid],2016-07-01,12
14,certain,approved,WNN-Z [RWS West-Nederland Noord District Zuid],2016-07-01,13
14,certain,approved,WNN-Z [RWS West-Nederland Noord District Zuid],2016-07-01,14
14,certain,approved,WNN-Z [RWS West-Nederland Noord District Zuid],2016-07-01,15
14,certain,approved,WNN-Z [RWS West-Nederland Noord District Zuid],2016-07-01,16
14,certain,approved,WNN-Z [RWS West-Nederland Noord District Zuid],2016-07-01,17
14,certain,approved,WNN-Z [RWS West-Nederland Noord District Zuid],2016-07-01,18
14,certain,approved,WNN-Z [RWS West-Nederland Noord District Zuid],2016-07-01,19
14,certain,approved,WNN-Z [RWS West-Nederland Noord District Zuid],2016-07-01,20
14,certain,approved,WNN-Z [RWS West-Nederland Noord District Zuid],2016-07-01,21
14,certain,approved,WNN-Z [RWS West-Nederland Noord District Zuid],2016-07-01,22
14,certain,approved,WNN-Z [RWS West-Nederland Noord District Zuid],2016-07-01,23
19,certain,approved,WNN-N [RWS West-Nederland Noord District Noord],2016-07-01,00
19,certain,approved,WNN-N [RWS West-Nederland Noord District Noord],2016-07-01,01
19,certain,approved,WNN-N [RWS West-Nederland Noord District Noord],2016-07-01,02
19,certain,approved,WNN-N [RWS West-Nederland Noord District Noord],2016-07-01,03
19,certain,approved,WNN-N [RWS West-Nederland Noord District Noord],2016-07-01,04
19,certain,approved,WNN-N [RWS West-Nederland Noord District Noord],2016-07-01,05
19,certain,approved,WNN-N [RWS West-Nederland Noord District Noord],2016-07-01,06
19,certain,approved,WNN-N [RWS West-Nederland Noord District Noord],2016-07-01,07
19,certain,approved,WNN-N [RWS West-Nederland Noord District Noord],2016-07-01,08
19,certain,approved,WNN-N [RWS West-Nederland Noord District Noord],2016-07-01,09
19,certain,approved,WNN-N [RWS West-Nederland Noord District Noord],2016-07-01,10
19,certain,approved,WNN-N [RWS West-Nederland Noord District Noord],2016-07-01,11
19,certain,approved,WNN-N [RWS West-Nederland Noord District Noord],2016-07-01,12
19,certain,approved,WNN-N [RWS West-Nederland Noord District Noord],2016-07-01,13
19,certain,approved,WNN-N [RWS West-Nederland Noord District Noord],2016-07-01,14
19,certain,approved,WNN-N [RWS West-Nederland Noord District Noord],2016-07-01,15
19,certain,approved,WNN-N [RWS West-Nederland Noord District Noord],2016-07-01,16
19,certain,approved,WNN-N [RWS West-Nederland Noord District Noord],2016-07-01,17
19,certain,approved,WNN-N [RWS West-Nederland Noord District Noord],2016-07-01,18
19,certain,approved,WNN-N [RWS West-Nederland Noord District Noord],2016-07-01,19
19,certain,approved,WNN-N [RWS West-Nederland Noord District Noord],2016-07-01,20
19,certain,approved,WNN-N [RWS West-Nederland Noord District Noord],2016-07-01,21
19,certain,approved,WNN-N [RWS West-Nederland Noord District Noord],2016-07-01,22
19,certain,approved,WNN-N [RWS West-Nederland Noord District Noord],2016-07-01,23
20,certain,approved,WNN-N [RWS West-Nederland Noord District Noord],2016-07-01,00
20,certain,approved,WNN-N [RWS West-Nederland Noord District Noord],2016-07-01,01
20,certain,approved,WNN-N [RWS West-Nederland Noord District Noord],2016-07-01,02
20,certain,approved,WNN-N [RWS West-Nederland Noord District Noord],2016-07-01,03
20,certain,approved,WNN-N [RWS West-Nederland Noord District Noord],2016-07-01,04
20,certain,approved,WNN-N [RWS West-Nederland Noord District Noord],2016-07-01,05
20,certain,approved,WNN-N [RWS West-Nederland Noord District Noord],2016-07-01,06
20,certain,approved,WNN-N [RWS West-Nederland Noord District Noord],2016-07-01,07
20,certain,approved,WNN-N [RWS West-Nederland Noord District Noord],2016-07-01,08
20,certain,approved,WNN-N [RWS West-Nederland Noord District Noord],2016-07-01,09
20,certain,approved,WNN-N [RWS West-Nederland Noord District Noord],2016-07-01,10
20,certain,approved,WNN-N [RWS West-Nederland Noord District Noord],2016-07-01,11
20,certain,approved,WNN-N [RWS West-Nederland Noord District Noord],2016-07-01,12
20,certain,approved,WNN-N [RWS West-Nederland Noord District Noord],2016-07-01,13
20,certain,approved,WNN-N [RWS West-Nederland Noord District Noord],2016-07-01,14
20,certain,approved,WNN-N [RWS West-Nederland Noord District Noord],2016-07-01,15
20,certain,approved,WNN-N [RWS West-Nederland Noord District Noord],2016-07-01,16
20,certain,approved,WNN-N [RWS West-Nederland Noord District Noord],2016-07-01,17
20,certain,approved,WNN-N [RWS West-Nederland Noord District Noord],2016-07-01,18
20,certain,approved,WNN-N [RWS West-Nederland Noord District Noord],2016-07-01,19
20,certain,approved,WNN-N [RWS West-Nederland Noord District Noord],2016-07-01,20
20,certain,approved,WNN-N [RWS West-Nederland Noord District Noord],2016-07-01,21
20,certain,approved,WNN-N [RWS West-Nederland Noord District Noord],2016-07-01,22
20,certain,approved,WNN-N [RWS West-Nederland Noord District Noord],2016-07-01,23
21,certain,approved,WNN-N [RWS West-Nederland Noord District Noord],2016-07-01,00
21,certain,approved,WNN-N [RWS West-Nederland Noord District Noord],2016-07-01,01
21,certain,approved,WNN-N [RWS West-Nederland Noord District Noord],2016-07-01,02
21,certain,approved,WNN-N [RWS West-Nederland Noord District Noord],2016-07-01,03
21,certain,approved,WNN-N [RWS West-Nederland Noord District Noord],2016-07-01,04
21,certain,approved,WNN-N [RWS West-Nederland Noord District Noord],2016-07-01,05
21,certain,approved,WNN-N [RWS West-Nederland Noord District Noord],2016-07-01,06
21,certain,approved,WNN-N [RWS West-Nederland Noord District Noord],2016-07-01,07
21,certain,approved,WNN-N [RWS West-Nederland Noord District Noord],2016-07-01,08
21,certain,approved,WNN-N [RWS West-Nederland Noord District Noord],2016-07-01,09
21,certain,approved,WNN-N [RWS West-Nederland Noord District Noord],2016-07-01,10
21,certain,approved,WNN-N [RWS West-Nederland Noord District Noord],2016-07-01,11
21,certain,approved,WNN-N [RWS West-Nederland Noord District Noord],2016-07-01,12
21,certain,approved,WNN-N [RWS West-Nederland Noord District Noord],2016-07-01,13
21,certain,approved,WNN-N [RWS West-Nederland Noord District Noord],2016-07-01,14
21,certain,approved,WNN-N [RWS West-Nederland Noord District Noord],2016-07-01,15
21,certain,approved,WNN-N [RWS West-Nederland Noord District Noord],2016-07-01,16
21,certain,approved,WNN-N [RWS West-Nederland Noord District Noord],2016-07-01,17
21,certain,approved,WNN-N [RWS West-Nederland Noord District Noord],2016-07-01,18
21,certain,approved,WNN-N [RWS West-Nederland Noord District Noord],2016-07-01,19
21,certain,approved,WNN-N [RWS West-Nederland Noord District Noord],2016-07-01,20
21,certain,approved,WNN-N [RWS West-Nederland Noord District Noord],2016-07-01,21
21,certain,approved,WNN-N [RWS West-Nederland Noord District Noord],2016-07-01,22
21,certain,approved,WNN-N [RWS West-Nederland Noord District Noord],2016-07-01,23
22,certain,approved,WNN-N [RWS West-Nederland Noord District Noord],2016-07-01,00
22,certain,approved,WNN-N [RWS West-Nederland Noord District Noord],2016-07-01,01
22,certain,approved,WNN-N [RWS West-Nederland Noord District Noord],2016-07-01,02
22,certain,approved,WNN-N [RWS West-Nederland Noord District Noord],2016-07-01,03
22,certain,approved,WNN-N [RWS West-Nederland Noord District Noord],2016-07-01,04
22,certain,approved,WNN-N [RWS West-Nederland Noord District Noord],2016-07-01,05
22,certain,approved,WNN-N [RWS West-Nederland Noord District Noord],2016-07-01,06
22,certain,approved,WNN-N [RWS West-Nederland Noord District Noord],2016-07-01,07
22,certain,approved,WNN-N [RWS West-Nederland Noord District Noord],2016-07-01,08
22,certain,approved,WNN-N [RWS West-Nederland Noord District Noord],2016-07-01,09
22,certain,approved,WNN-N [RWS West-Nederland Noord District Noord],2016-07-01,10
22,certain,approved,WNN-N [RWS West-Nederland Noord District Noord],2016-07-01,11
22,certain,approved,WNN-N [RWS West-Nederland Noord District Noord],2016-07-01,12
22,certain,approved,WNN-N [RWS West-Nederland Noord District Noord],2016-07-01,13
22,certain,approved,WNN-N [RWS West-Nederland Noord District Noord],2016-07-01,14
22,certain,approved,WNN-N [RWS West-Nederland Noord District Noord],2016-07-01,15
22,certain,approved,WNN-N [RWS West-Nederland Noord District Noord],2016-07-01,16
22,certain,approved,WNN-N [RWS West-Nederland Noord District Noord],2016-07-01,17
22,certain,approved,WNN-N [RWS West-Nederland Noord District Noord],2016-07-01,18
22,certain,approved,WNN-N [RWS West-Nederland Noord District Noord],2016-07-01,19
22,certain,approved,WNN-N [RWS West-Nederland Noord District Noord],2016-07-01,20
22,certain,approved,WNN-N [RWS West-Nederland Noord District Noord],2016-07-01,21
22,certain,approved,WNN-N [RWS West-Nederland Noord District Noord],2016-07-01,22
22,certain,approved,WNN-N [RWS West-Nederland Noord District Noord],2016-07-01,23
23,certain,approved,WNN-N [RWS West-Nederland Noord District Noord],2016-07-01,00
23,certain,approved,WNN-N [RWS West-Nederland Noord District Noord],2016-07-01,01
23,certain,approved,WNN-N [RWS West-Nederland Noord District Noord],2016-07-01,02
23,certain,approved,WNN-N [RWS West-Nederland Noord District Noord],2016-07-01,03
23,certain,approved,WNN-N [RWS West-Nederland Noord District Noord],2016-07-01,04
23,certain,approved,WNN-N [RWS West-Nederland Noord District Noord],2016-07-01,05
23,certain,approved,WNN-N [RWS West-Nederland Noord District Noord],2016-07-01,06
23,certain,approved,WNN-N [RWS West-Nederland Noord District Noord],2016-07-01,07
23,certain,approved,WNN-N [RWS West-Nederland Noord District Noord],2016-07-01,08
23,certain,approved,WNN-N [RWS West-Nederland Noord District Noord],2016-07-01,09
23,certain,approved,WNN-N [RWS West-Nederland Noord District Noord],2016-07-01,10
23,certain,approved,WNN-N [RWS West-Nederland Noord District Noord],2016-07-01,11
23,certain,approved,WNN-N [RWS West-Nederland Noord District Noord],2016-07-01,12
23,certain,approved,WNN-N [RWS West-Nederland Noord District Noord],2016-07-01,13
23,certain,approved,WNN-N [RWS West-Nederland Noord District Noord],2016-07-01,14
23,certain,approved,WNN-N [RWS West-Nederland Noord District Noord],2016-07-01,15
23,certain,approved,WNN-N [RWS West-Nederland Noord District Noord],2016-07-01,16
23,certain,approved,WNN-N [RWS West-Nederland Noord District Noord],2016-07-01,17
23,certain,approved,WNN-N [RWS West-Nederland Noord District Noord],2016-07-01,18
23,certain,approved,WNN-N [RWS West-Nederland Noord District Noord],2016-07-01,19
23,certain,approved,WNN-N [RWS West-Nederland Noord District Noord],2016-07-01,20
23,certain,approved,WNN-N [RWS West-Nederland Noord District Noord],2016-07-01,21
23,certain,approved,WNN-N [RWS West-Nederland Noord District Noord],2016-07-01,22
23,certain,approved,WNN-N [RWS West-Nederland Noord District Noord],2016-07-01,23
1,probable,approved,WNN-Z [RWS West-Nederland Noord District Zuid],2016-07-01,00
1,probable,approved,WNN-Z [RWS West-Nederland Noord District Zuid],2016-07-01,01
1,probable,approved,WNN-Z [RWS West-Nederland Noord District Zuid],2016-07-01,02
1,probable,approved,WNN-Z [RWS West-Nederland Noord District Zuid],2016-07-01,03
1,probable,approved,WNN-Z [RWS West-Nederland Noord District Zuid],2016-07-01,04
1,probable,approved,WNN-Z [RWS West-Nederland Noord District Zuid],2016-07-01,05
1,probable,approved,WNN-Z [RWS West-Nederland Noord District Zuid],2016-07-01,06
1,probable,approved,WNN-Z [RWS West-Nederland Noord District Zuid],2016-07-01,07
1,probable,approved,WNN-Z [RWS West-Nederland Noord District Zuid],2016-07-01,08
1,probable,approved,WNN-Z [RWS West-Nederland Noord District Zuid],2016-07-01,09
1,probable,approved,WNN-Z [RWS West-Nederland Noord District Zuid],2016-07-01,10
1,probable,approved,WNN-Z [RWS West-Nederland Noord District Zuid],2016-07-01,11
1,probable,approved,WNN-Z [RWS West-Nederland Noord District Zuid],2016-07-01,12
1,probable,approved,WNN-Z [RWS West-Nederland Noord District Zuid],2016-07-01,13
1,probable,approved,WNN-Z [RWS West-Nederland Noord District Zuid],2016-07-01,14
1,probable,approved,WNN-Z [RWS West-Nederland Noord District Zuid],2016-07-01,15
1,probable,approved,WNN-Z [RWS West-Nederland Noord District Zuid],2016-07-01,16
1,probable,approved,WNN-Z [RWS West-Nederland Noord District Zuid],2016-07-01,17
1,probable,approved,WNN-Z [RWS West-Nederland Noord District Zuid],2016-07-01,18
1,probable,approved,WNN-Z [RWS West-Nederland Noord District Zuid],2016-07-01,19
1,probable,approved,WNN-Z [RWS West-Nederland Noord District Zuid],2016-07-01,20
1,probable,approved,WNN-Z [RWS West-Nederland Noord District Zuid],2016-07-01,21
1,probable,"",WNN-Z [RWS West-Nederland Noord District Zuid],2016-07-01,00
1,probable,"",WNN-Z [RWS West-Nederland Noord District Zuid],2016-07-01,01
1,probable,"",WNN-Z [RWS West-Nederland Noord District Zuid],2016-07-01,02
1,probable,"",WNN-Z [RWS West-Nederland Noord District Zuid],2016-07-01,03
1,probable,"",WNN-Z [RWS West-Nederland Noord District Zuid],2016-07-01,04
1,probable,"",WNN-Z [RWS West-Nederland Noord District Zuid],2016-07-01,05
1,probable,"",WNN-Z [RWS West-Nederland Noord District Zuid],2016-07-01,06
1,probable,"",WNN-Z [RWS West-Nederland Noord District Zuid],2016-07-01,07
1,probable,"",WNN-Z [RWS West-Nederland Noord District Zuid],2016-07-01,08
1,probable,"",WNN-Z [RWS West-Nederland Noord District Zuid],2016-07-01,09
1,probable,"",WNN-Z [RWS West-Nederland Noord District Zuid],2016-07-01,10
1,probable,"",WNN-Z [RWS West-Nederland Noord District Zuid],2016-07-01,11
1,probable,"",WNN-Z [RWS West-Nederland Noord District Zuid],2016-07-01,12
1,probable,"",WNN-Z [RWS West-Nederland Noord District Zuid],2016-07-01,13
1,probable,"",WNN-Z [RWS West-Nederland Noord District Zuid],2016-07-01,14
1,probable,"",WNN-Z [RWS West-Nederland Noord District Zuid],2016-07-01,15
1,probable,"",WNN-Z [RWS West-Nederland Noord District Zuid],2016-07-01,16
1,probable,"",WNN-Z [RWS West-Nederland Noord District Zuid],2016-07-01,17
1,probable,"",WNN-Z [RWS West-Nederland Noord District Zuid],2016-07-01,18
1,probable,"",WNN-Z [RWS West-Nederland Noord District Zuid],2016-07-01,19
1,probable,"",WNN-Z [RWS West-Nederland Noord District Zuid],2016-07-01,20
1,probable,"",WNN-Z [RWS West-Nederland Noord District Zuid],2016-07-01,21
222,probable,approved,WNN-Z [RWS West-Nederland Noord District Zuid],2016-07-01,00
222,probable,approved,WNN-Z [RWS West-Nederland Noord District Zuid],2016-07-01,01
222,probable,approved,WNN-Z [RWS West-Nederland Noord District Zuid],2016-07-01,02
222,probable,approved,WNN-Z [RWS West-Nederland Noord District Zuid],2016-07-01,03
222,probable,approved,WNN-Z [RWS West-Nederland Noord District Zuid],2016-07-01,04
222,probable,approved,WNN-Z [RWS West-Nederland Noord District Zuid],2016-07-01,05
222,probable,approved,WNN-Z [RWS West-Nederland Noord District Zuid],2016-07-01,06
222,probable,approved,WNN-Z [RWS West-Nederland Noord District Zuid],2016-07-01,07
222,probable,approved,WNN-Z [RWS West-Nederland Noord District Zuid],2016-07-01,08
222,probable,approved,WNN-Z [RWS West-Nederland Noord District Zuid],2016-07-01,09
222,probable,approved,WNN-Z [RWS West-Nederland Noord District Zuid],2016-07-01,10
222,probable,approved,WNN-Z [RWS West-Nederland Noord District Zuid],2016-07-01,11
222,probable,approved,WNN-Z [RWS West-Nederland Noord District Zuid],2016-07-01,12
222,probable,approved,WNN-Z [RWS West-Nederland Noord District Zuid],2016-07-01,13
222,probable,approved,WNN-Z [RWS West-Nederland Noord District Zuid],2016-07-01,14
222,probable,approved,WNN-Z [RWS West-Nederland Noord District Zuid],2016-07-01,15
222,probable,approved,WNN-Z [RWS West-Nederland Noord District Zuid],2016-07-01,16
222,probable,approved,WNN-Z [RWS West-Nederland Noord District Zuid],2016-07-01,17
222,probable,approved,WNN-Z [RWS West-Nederland Noord District Zuid],2016-07-01,18
222,probable,approved,WNN-Z [RWS West-Nederland Noord District Zuid],2016-07-01,19
222,probable,approved,WNN-Z [RWS West-Nederland Noord District Zuid],2016-07-01,20
222,probable,approved,WNN-Z [RWS West-Nederland Noord District Zuid],2016-07-01,21
263,certain,implemented,WNN-Z [RWS West-Nederland Noord District Zuid],2016-07-01,01
263,certain,implemented,WNN-Z [RWS West-Nederland Noord District Zuid],2016-07-01,02
333,certain,implemented,WNN-Z [RWS West-Nederland Noord District Zuid],2016-07-01,02
333,certain,implemented,WNN-Z [RWS West-Nederland Noord District Zuid],2016-07-01,03
333,certain,implemented,WNN-Z [RWS West-Nederland Noord District Zuid],2016-07-01,04
333,certain,implemented,WNN-Z [RWS West-Nederland Noord District Zuid],2016-07-01,05
333,certain,implemented,WNN-Z [RWS West-Nederland Noord District Zuid],2016-07-01,06
333,certain,implemented,WNN-Z [RWS West-Nederland Noord District Zuid],2016-07-01,07
333,certain,implemented,WNN-Z [RWS West-Nederland Noord District Zuid],2016-07-01,08
333,certain,implemented,WNN-Z [RWS West-Nederland Noord District Zuid],2016-07-01,09
333,certain,implemented,WNN-Z [RWS West-Nederland Noord District Zuid],2016-07-01,10
333,certain,implemented,WNN-Z [RWS West-Nederland Noord District Zuid],2016-07-01,11
333,certain,implemented,WNN-Z [RWS West-Nederland Noord District Zuid],2016-07-01,12
333,certain,implemented,WNN-Z [RWS West-Nederland Noord District Zuid],2016-07-01,13
333,certain,implemented,WNN-Z [RWS West-Nederland Noord District Zuid],2016-07-01,14
333,certain,implemented,WNN-Z [RWS West-Nederland Noord District Zuid],2016-07-01,15
333,certain,implemented,WNN-Z [RWS West-Nederland Noord District Zuid],2016-07-01,16
333,certain,implemented,WNN-Z [RWS West-Nederland Noord District Zuid],2016-07-01,17
333,certain,implemented,WNN-Z [RWS West-Nederland Noord District Zuid],2016-07-01,18
333,certain,implemented,WNN-Z [RWS West-Nederland Noord District Zuid],2016-07-01,19
333,certain,implemented,WNN-Z [RWS West-Nederland Noord District Zuid],2016-07-01,20
333,certain,implemented,WNN-Z [RWS West-Nederland Noord District Zuid],2016-07-01,21
333,certain,implemented,WNN-Z [RWS West-Nederland Noord District Zuid],2016-07-01,22
333,certain,implemented,WNN-Z [RWS West-Nederland Noord District Zuid],2016-07-01,23
1,probable,implemented,WNN-Z [RWS West-Nederland Noord District Zuid],2016-07-01,18
1,probable,implemented,WNN-Z [RWS West-Nederland Noord District Zuid],2016-07-01,19
1,probable,implemented,WNN-Z [RWS West-Nederland Noord District Zuid],2016-07-01,20
1,probable,implemented,WNN-Z [RWS West-Nederland Noord District Zuid],2016-07-01,21
1,probable,"",WNN-Z [RWS West-Nederland Noord District Zuid],2016-07-01,18
1,probable,"",WNN-Z [RWS West-Nederland Noord District Zuid],2016-07-01,19
1,probable,"",WNN-Z [RWS West-Nederland Noord District Zuid],2016-07-01,20
1,probable,"",WNN-Z [RWS West-Nederland Noord District Zuid],2016-07-01,21
269,probable,implemented,WNN-Z [RWS West-Nederland Noord District Zuid],2016-07-01,18
269,probable,implemented,WNN-Z [RWS West-Nederland Noord District Zuid],2016-07-01,19
269,probable,implemented,WNN-Z [RWS West-Nederland Noord District Zuid],2016-07-01,20
269,probable,implemented,WNN-Z [RWS West-Nederland Noord District Zuid],2016-07-01,21
1,probable,implemented,WNN-Z [RWS West-Nederland Noord District Zuid],2016-07-01,19
1,probable,implemented,WNN-Z [RWS West-Nederland Noord District Zuid],2016-07-01,20
1,probable,implemented,WNN-Z [RWS West-Nederland Noord District Zuid],2016-07-01,21
1,probable,"",WNN-Z [RWS West-Nederland Noord District Zuid],2016-07-01,19
1,probable,"",WNN-Z [RWS West-Nederland Noord District Zuid],2016-07-01,20
1,probable,"",WNN-Z [RWS West-Nederland Noord District Zuid],2016-07-01,21
269,probable,implemented,WNN-Z [RWS West-Nederland Noord District Zuid],2016-07-01,19
269,probable,implemented,WNN-Z [RWS West-Nederland Noord District Zuid],2016-07-01,20
269,probable,implemented,WNN-Z [RWS West-Nederland Noord District Zuid],2016-07-01,21
445,certain,implemented,WNN-Z [RWS West-Nederland Noord District Zuid],2016-07-01,22
445,certain,implemented,WNN-Z [RWS West-Nederland Noord District Zuid],2016-07-01,23
481,certain,approved,WNN-Z [RWS West-Nederland Noord District Zuid],2016-07-01,00
481,certain,approved,WNN-Z [RWS West-Nederland Noord District Zuid],2016-07-01,01
481,certain,approved,WNN-Z [RWS West-Nederland Noord District Zuid],2016-07-01,02
481,certain,approved,WNN-Z [RWS West-Nederland Noord District Zuid],2016-07-01,03
482,certain,approved,WNN-Z [RWS West-Nederland Noord District Zuid],2016-07-01,00
482,certain,approved,WNN-Z [RWS West-Nederland Noord District Zuid],2016-07-01,01
482,certain,approved,WNN-Z [RWS West-Nederland Noord District Zuid],2016-07-01,02
482,certain,approved,WNN-Z [RWS West-Nederland Noord District Zuid],2016-07-01,03
570,certain,approved,WNN-Z [RWS West-Nederland Noord District Zuid],2016-07-01,02
570,certain,implemented,WNN-Z [RWS West-Nederland Noord District Zuid],2016-07-01,02
570,certain,implemented,WNN-Z [RWS West-Nederland Noord District Zuid],2016-07-01,03
347,certain,approved,WNN-Z [RWS West-Nederland Noord District Zuid],2016-07-01,20
347,certain,approved,WNN-Z [RWS West-Nederland Noord District Zuid],2016-07-01,21
347,certain,approved,WNN-Z [RWS West-Nederland Noord District Zuid],2016-07-01,22
348,certain,approved,WNN-Z [RWS West-Nederland Noord District Zuid],2016-07-01,20
348,certain,approved,WNN-Z [RWS West-Nederland Noord District Zuid],2016-07-01,21
348,certain,approved,WNN-Z [RWS West-Nederland Noord District Zuid],2016-07-01,22
